Var1	clone_id	subject	v_gene	j_gene	functional	insertions	deletions	cdr3_nt	cdr3_num_nts	cdr3_aa	uniques	instances	copies	germline	parent_id	avg_v_identity	top_copy_seq	time_point	cdr3_aa_aligned	cdr3_tsne_x	cdr3_tsne_y	copies_per_1M
1465	352172	IHCV2020-020	IGHV3-33	IGHJ4	T	NaN	NaN	TGTGCGAGAGGCCGACCTCCCCTTATACGATACTTTGACTACTGG	45	CARGRPPLIRYFDYW	544	260	365	CAGGTGCAGCTGGTGGAGTCTGGGGGA---GGCGTGGTCCAGCCTGGGAGGTCCCTGAGACTCTCCTGTGCAGCGTCTGGATTCACCTTC------------AGTAGCTATGGCATGCACTGGGTCCGCCAGGCTCCAGGCAAGGGGCTGGAGTGGGTGGCAGTTATATGGTATGAT------GGAAGTAATAAATACTATGCAGACTCCGTGAAG---GGCCGATTCACCATCTCCAGAGACAATTCCAAGAACACGCTGTATCTGCAAATGAACAGCCTGAGAGCCGAGGACACGGCTGTGTATTAC---------------------------------------------GGCCAGGGAACCCTGGTCACCGTCTCCTCAG	NaN	0.9398	NNNNNNNNNNNNNNNNNNNNNNNNNNN---NNNNNNNNNNNNNNNNNNNNNNNNNNNNNNNNNNNNNNNNNNNNNNNNNNATTCACCTTC------------AGTGACTTTGGCATGCACTGGGTCCGCCAGGCTCCAGGCAAGGGGCTGGAGNGGGTGGCACTTATATGGAATGAT------GGAAGTAATAAATACTATGCAGACTCCGTGAAG---GGCCGATTCACCATCTCCAGAGACGATTCCAAGAACACTCTGTATCTGCAAATGAACAGCCTGAGAGTCGAGGATACGGCTGTGTATTACTGTGCGAGAGGCCGACCTCCCCTTATACGATACTTTNACTACTGGGGCCAGGGATCCCTGGTCACCGTCTCNNNNN	4	CAR-GRPP----------------LI-RYFDYW	18.42197812046	0.682951740104073	953
322	352172	IHCV2020-020	IGHV3-33	IGHJ4	T	NaN	NaN	TGTGCGAGAGGCCGACCTCCCCTTATACGATACTTTGACTACTGG	45	CARGRPPLIRYFDYW	544	169	272	CAGGTGCAGCTGGTGGAGTCTGGGGGA---GGCGTGGTCCAGCCTGGGAGGTCCCTGAGACTCTCCTGTGCAGCGTCTGGATTCACCTTC------------AGTAGCTATGGCATGCACTGGGTCCGCCAGGCTCCAGGCAAGGGGCTGGAGTGGGTGGCAGTTATATGGTATGAT------GGAAGTAATAAATACTATGCAGACTCCGTGAAG---GGCCGATTCACCATCTCCAGAGACAATTCCAAGAACACGCTGTATCTGCAAATGAACAGCCTGAGAGCCGAGGACACGGCTGTGTATTAC---------------------------------------------GGCCAGGGAACCCTGGTCACCGTCTCCTCAG	NaN	0.9348	NNNNNNNNNNNNNNNNNNNNNNNNNNN---NNNNNNNNNNNNNNNNNNNNNNNNNNNNNNNNNNNNNNNNNNNNNNNNNNATTCACCTTC------------AGTGATTTTGGCATGCACTGGGTCCGCCAGGCTCCAGGCAAGGGGCTGGAGTGGGTGGCAATTATTTGGAATGAT------GGAAGTAATAGATACTATGCAGACTCCGTGAAG---GGCCGATTCACTATTTCCAGAGACGATTCTAAGAACACGCTGTATCTGCAAATGAACAGCCTGAGCGCCGAAGACACGGCTGTCTATTACTGTGCGAGAGGCCGACCTCCCCTTATACGATACTTTGACTACTGGGGCCAGGGAANCCTGGTCACCGTCTCCTCAG	2	CAR-GRPP----------------LI-RYFDYW	18.4240917781335	-0.0470819171159613	710
157	352172	IHCV2020-020	IGHV3-33	IGHJ4	T	NaN	NaN	TGTGCGAGAGGCCGACCTCCCCTTATACGATACTTTGACTACTGG	45	CARGRPPLIRYFDYW	544	120	136	CAGGTGCAGCTGGTGGAGTCTGGGGGA---GGCGTGGTCCAGCCTGGGAGGTCCCTGAGACTCTCCTGTGCAGCGTCTGGATTCACCTTC------------AGTAGCTATGGCATGCACTGGGTCCGCCAGGCTCCAGGCAAGGGGCTGGAGTGGGTGGCAGTTATATGGTATGAT------GGAAGTAATAAATACTATGCAGACTCCGTGAAG---GGCCGATTCACCATCTCCAGAGACAATTCCAAGAACACGCTGTATCTGCAAATGAACAGCCTGAGAGCCGAGGACACGGCTGTGTATTAC---------------------------------------------GGCCAGGGAACCCTGGTCACCGTCTCCTCAG	NaN	0.9325	NNNNNNNNNNNNNNNNNNNNNNNNNNN---NNNNNNNNNNNNNNNNNNNNNNNNNNNNNNNNNNNNNNNNNNNNNNNNNNGTTCATCGTC------------AGTAGCAACTACATGACCTGGGTCCGCCAGGCTCCAGGGAAGGGGCTGGAGTGGGTCTCAGTTGTTTTTCCCGGT---------GGTAGCACATTCTACGCAGACTCCGTGAAG---GGCCGATTCACCATCTCCAGAGACAATTCCAAGAACACGCTGTATCTGCAGATGAACAGCCTGAGTGCCGAGGACACGGCTGTATATTTCTGTNCGAGAGGCCGACCTCCCCTTGTACGATACTTTGACTACTGGGGCCAGGGAACCCTGGTCACCGTCTCCTCNN	1	CAR-GRPP----------------LI-RYFDYW	17.424684300435	1.84579623485592	355
1467	352306	IHCV2020-020	IGHV3-33	IGHJ4	T	NaN	NaN	TGTGCGAGAGGCCGACCTCCCCTTATACGATTCTTTGACTACTGG	45	CARGRPPLIRFFDYW	348	105	156	CAGGTGCAGCTGGTGGAGTCTGGGGGA---GGCGTGGTCCAGCCTGGGAGGTCCCTGAGACTCTCCTGTGCAGCGTCTGGATTCACCTTC------------AGTAGCTATGGCATGCACTGGGTCCGCCAGGCTCCAGGCAAGGGGCTGGAGTGGGTGGCAGTTATATGGTATGAT------GGAAGTAATAAATACTATGCAGACTCCGTGAAG---GGCCGATTCACCATCTCCAGAGACAATTCCAAGAACACGCTGTATCTGCAAATGAACAGCCTGAGAGCCGAGGACACGGCTGTGTATTAC---------------------------------------------GGCCAGGGAACCCTGGTCACCGTCTCCTCAG	NaN	0.9359	NNNNNNNNNNNNNNNNNNNNNNNNNNN---NNNNNNNNNNNNNNNNNNNNNNNNNNNNNNNNNNNNNNNNNNNNNNNNNNATTCAGCTTC------------AGTGACTTTGGCATGCACTGGGTCCGCCAGGCTCCAGGCAAGGGGCTGGAGTGGGTGGCACTTATATGGAATGAT------GGAAGTAATAAATTCTATGCAGATTCCGTGAAG---GGCCGATTCACCATCTCCAGAGACTCTTCCAACAACACGCTGTATCTGCAAATGGACAGCCTGACAGCCGAGGACACGGCTGTATATTACTGTGCGAGAGGCCGACCCCCCCTTATACGATTCTTTGACTACTGGGGCCAGGGAACCCTGGTCACCGTCTCCTCAG	4	CAR-GRPP----------------LI-RFFDYW	18.4163687989321	1.8529666082078	407
325	352306	IHCV2020-020	IGHV3-33	IGHJ4	T	NaN	NaN	TGTGCGAGAGGCCGACCTCCCCTTATACGATTCTTTGACTACTGG	45	CARGRPPLIRFFDYW	348	166	267	CAGGTGCAGCTGGTGGAGTCTGGGGGA---GGCGTGGTCCAGCCTGGGAGGTCCCTGAGACTCTCCTGTGCAGCGTCTGGATTCACCTTC------------AGTAGCTATGGCATGCACTGGGTCCGCCAGGCTCCAGGCAAGGGGCTGGAGTGGGTGGCAGTTATATGGTATGAT------GGAAGTAATAAATACTATGCAGACTCCGTGAAG---GGCCGATTCACCATCTCCAGAGACAATTCCAAGAACACGCTGTATCTGCAAATGAACAGCCTGAGAGCCGAGGACACGGCTGTGTATTAC---------------------------------------------GGCCAGGGAACCCTGGTCACCGTCTCCTCAG	NaN	0.946	NNNNNNNNNNNNNNNNNNNNNNNNNNN---NNNNNNNNNNNNNNNNNNNNNNNNNNNNNNNNNNNNNNNNNNNNNNNNNNATTCACCTTC------------AGTGATTTTGGCATGCACTGGGTCCGCCAGGCTCCAGGCAAGGGGCTGGAGTGGGTGGCAATTATATGGAATGAT------GGAAGTAATAAATACTATGCAGACTCCGTGAAG---GGCCGATTCACCATCTCCAGAGACAATTCCAAGAACACACTATATCTTCAAATGAACACCCTGAGAGCCGAGGACACGGCTGTGTATTACTGTGCGAGAGGCCGACCTCCCCTTATACGATTTTTTGACTACTGGGGCCAGGGAACCCTGGTCACCGTCTCCTCAG	2	CAR-GRPP----------------LI-RFFDYW	18.3534095776101	1.33397163314837	697
159	352306	IHCV2020-020	IGHV3-33	IGHJ4	T	NaN	NaN	TGTGCGAGAGGCCGACCTCCCCTTATACGATTCTTTGACTACTGG	45	CARGRPPLIRFFDYW	348	80	106	CAGGTGCAGCTGGTGGAGTCTGGGGGA---GGCGTGGTCCAGCCTGGGAGGTCCCTGAGACTCTCCTGTGCAGCGTCTGGATTCACCTTC------------AGTAGCTATGGCATGCACTGGGTCCGCCAGGCTCCAGGCAAGGGGCTGGAGTGGGTGGCAGTTATATGGTATGAT------GGAAGTAATAAATACTATGCAGACTCCGTGAAG---GGCCGATTCACCATCTCCAGAGACAATTCCAAGAACACGCTGTATCTGCAAATGAACAGCCTGAGAGCCGAGGACACGGCTGTGTATTAC---------------------------------------------GGCCAGGGAACCCTGGTCACCGTCTCCTCAG	NaN	0.9429	NNNNNNNNNNNNNNNNNNNNNNNNNNN---NNNNNNNNNNNNNNNNNNNNNNNNNNNNNNNNNNNNNNNNNNNNNNNNNNATTTACCTTC------------AGTGCCTTTGGCATGCACTGGGTCCGCCAGGCTCCAGGCAAGGGGCTGGAGTGGGTGGCAATTATATGGAATGAT------GGCAGTAATAAATACTATGCAGACTCCGTGAAG---GGCCGATTCACCATCTCCAGAGACGATTCCAAAAACACCCTGTATCTGCAAATGAACAGCCTGAGAGCCGACGACACGGCTGTATATTACTGTGCGAGAGGCCGACCTCCCCTTATACGATTCTTTGACTACTGGGGCCAGGGAACNCTGGTNACCGTCTCCTCAG	1	CAR-GRPP----------------LI-RFFDYW	16.7907789284496	0.901064183385371	277
650	291330	IHCV2020-020	IGHV3-13	IGHJ4	T	NaN	NaN	TGTGCGAGAGGCCGACCTCCCCTTATACGATTTTTTGACTACTGG	45	CARGRPPLIRFFDYW	21	11	11	GAGGTGCAGCTGGTGGAGTCTGGGGGA---GGCTTGGTACAGCCTGGGGGGTCCCTGAGACTCTCCTGTGCAGCCTCTGGATTCACCTTC------------AGTAGCTACGACATGCACTGGGTCCGCCAAGCTACAGGAAAAGGTCTGGAATGGGTCTCAGCTATTGGTACTGCT---------GGTGACACATACTATCCAGGCTCCGTGAAG---GGCCGATTCACCATCTCCAGAGAAAATGCCAAGAACTCCTTGTATCTTCAAATGAACAGCCTGAGAGCCGGGGACACGGCTGTGTATTAC---------------------------------------------GGCCAGGGAACCCTGGTCACCGTCTCCTCAG	NaN	0.9206	NNNNNNNNNNNNNNNNNNNNNNNNNNN---NNNNNNNNNNNNNNNNNNNNNNNNNNNNNNNNNNNNNNNNNNNNNNNNNNAATCACCTTC------------AGTACCTATGCCATGCATTGGGTCCGCCAGCCTCCAGGCAAGGGGCTGGAGTGGGTGGCAATTATACGGTATGAT------GG---------------------------GAAG---GGCCGATTCACCATTTCCAGAGACAATTCCAAGAACACACTGTATCTGCAAATGAACAGCCTGAGAGCCGAGGACACGGCTGTCTATTACTGTGCGAGAGGCCGGCCTCCCCTTATACGATTCTTTGACTCCTGGGGCCTGGGAAGCCTGGTCACCGTCNCCTCAG	4	CAR-GRPP----------------LI-RFFDYW	18.8303697234202	1.16061500382818	29
127	291330	IHCV2020-020	IGHV3-13	IGHJ4	T	NaN	NaN	TGTGCGAGAGGCCGACCTCCCCTTATACGATTTTTTGACTACTGG	45	CARGRPPLIRFFDYW	21	9	10	GAGGTGCAGCTGGTGGAGTCTGGGGGA---GGCTTGGTACAGCCTGGGGGGTCCCTGAGACTCTCCTGTGCAGCCTCTGGATTCACCTTC------------AGTAGCTACGACATGCACTGGGTCCGCCAAGCTACAGGAAAAGGTCTGGAATGGGTCTCAGCTATTGGTACTGCT---------GGTGACACATACTATCCAGGCTCCGTGAAG---GGCCGATTCACCATCTCCAGAGAAAATGCCAAGAACTCCTTGTATCTTCAAATGAACAGCCTGAGAGCCGGGGACACGGCTGTGTATTAC---------------------------------------------GGCCAGGGAACCCTGGTCACCGTCTCCTCAG	NaN	0.9372	NNNNNNNNNNNNNNNNNNNNNNNNNNN---NNNNNNNNNNNNNNNNNNNNNNNNNNNNNNNNNNNNNNNNNNNNNNNNNNATTCACCTTC------------AGTAGGTGCGACATGCACTGGGTCCGCCAAGTTACAGGAAAAGGTCTGGAGTGGGTCTCAACTATTGGTACTGCT---------GGTGACCCACATTATCCGGGCTCCGTGAAG---GGCCGATTCACCGTCTCCAGAGAAAATGCCAAGAACTCCTTGTGTCTTCCAATGAACAGCCTGAGAGCCGGGGACACGGCTGTTTATTTCTGTGCGAGAGGCCGACCTCCCCTTATACGATTCTTTGACTACTGGGGCCAGGNAACCCTGGTCACCGTCTCCTCAG	2	CAR-GRPP----------------LI-RFFDYW	18.2620505824982	1.74471285655493	26
1459	351797	IHCV2020-020	IGHV3-33	IGHJ4	T	NaN	NaN	TGTGCGAGAGGCCGACCTCCCCTTACACGATACTTTGACTATTGG	45	CARGRPPLTRYFDYW	550	62	112	CAGGTGCAGCTGGTGGAGTCTGGGGGA---GGCGTGGTCCAGCCTGGGAGGTCCCTGAGACTCTCCTGTGCAGCGTCTGGATTCACCTTC------------AGTAGCTATGGCATGCACTGGGTCCGCCAGGCTCCAGGCAAGGGGCTGGAGTGGGTGGCAGTTATATGGTATGAT------GGAAGTAATAAATACTATGCAGACTCCGTGAAG---GGCCGATTCACCATCTCCAGAGACAATTCCAAGAACACGCTGTATCTGCAAATGAACAGCCTGAGAGCCGAGGACACGGCTGTGTATTAC---------------------------------------------GGCCAGGGAACCCTGGTCACCGTCTCCTCAG	NaN	0.9423	NNNNNNNNNNNNNNNNNNNNNNNNNNN---NNNNNNNNNNNNNNNNNNNNNNNNNNNNNNNNNNNNNNNNNNNNNNNNNNACTCACCTTC------------AGTGACTTTGGCATGCACTGGGTCCGCCAGGCTCCAGGCAAGGGGCTGGAGTGGGTGGCACTTATATGGAATGAT------GGAAGTAATAAATTCTATGCAGACTCCGTGAAG---GGCCGATTCACCATCTCCAGAGACAATTCCAAGAGTACACTGTATCTGCAAATGAACAACCTGAGAGTCGAGGACACGGCTGTGTATTACTGTNCGAGAGGCCGGCCTCNCCTTACANGATNTTTTGACTACTGGGGCCAGGGAACCCTGGTCACCGTCTCCTCAG	4	CAR-GRPP----------------LT-RYFDYW	17.5521877865565	0.920493761111767	293
316	351797	IHCV2020-020	IGHV3-33	IGHJ4	T	NaN	NaN	TGTGCGAGAGGCCGACCTCCCCTTACACGATACTTTGACTATTGG	45	CARGRPPLTRYFDYW	550	65	120	CAGGTGCAGCTGGTGGAGTCTGGGGGA---GGCGTGGTCCAGCCTGGGAGGTCCCTGAGACTCTCCTGTGCAGCGTCTGGATTCACCTTC------------AGTAGCTATGGCATGCACTGGGTCCGCCAGGCTCCAGGCAAGGGGCTGGAGTGGGTGGCAGTTATATGGTATGAT------GGAAGTAATAAATACTATGCAGACTCCGTGAAG---GGCCGATTCACCATCTCCAGAGACAATTCCAAGAACACGCTGTATCTGCAAATGAACAGCCTGAGAGCCGAGGACACGGCTGTGTATTAC---------------------------------------------GGCCAGGGAACCCTGGTCACCGTCTCCTCAG	NaN	0.917	NNNNNNNNNNNNNNNNNNNNNNNNNNN---NNNNNNNNNNNNNNNNNNNNNNNNNNNNNNNNNNNNNNNNNNNNNNNNNNTTTCACCTTC------------ANNGACTTTGGCATGCACTGGGTCCGCCAGGCTCCAGGCAAGGGGCTGGAGTGGGTGACCCTCATTTGGAATGAT------GGAAGTAATAAATTCTATGCAGACTCCGTGAAG---GGCCGTTTCACCATCTCCAGAGACAATTCCAGGAACACCCTCTATCTGCAAATGAATAGCCTGAGAGCCGAGGACTCGGCTGTCTATTTCTGTGCGAGAGGCCGACCTCCCCTTGTACGATACTTTGACTACTGGGGCCAGGGAACCCTGGNNACCGTCTCCTCAG	2	CAR-GRPP----------------LT-RYFDYW	17.248917957719	0.855664750896627	313
155	351797	IHCV2020-020	IGHV3-33	IGHJ4	T	NaN	NaN	TGTGCGAGAGGCCGACCTCCCCTTACACGATACTTTGACTATTGG	45	CARGRPPLTRYFDYW	550	432	870	CAGGTGCAGCTGGTGGAGTCTGGGGGA---GGCGTGGTCCAGCCTGGGAGGTCCCTGAGACTCTCCTGTGCAGCGTCTGGATTCACCTTC------------AGTAGCTATGGCATGCACTGGGTCCGCCAGGCTCCAGGCAAGGGGCTGGAGTGGGTGGCAGTTATATGGTATGAT------GGAAGTAATAAATACTATGCAGACTCCGTGAAG---GGCCGATTCACCATCTCCAGAGACAATTCCAAGAACACGCTGTATCTGCAAATGAACAGCCTGAGAGCCGAGGACACGGCTGTGTATTAC---------------------------------------------GGCCAGGGAACCCTGGTCACCGTCTCCTCAG	NaN	0.9379	NNNNNNNNNNNNNNNNNNNNNNNNNNN---NNNNNNNNNNNNNNNNNNNNNNNNNNNNNNNNNNNNNNNNNNNNNNNNNNATTTAGTTTC------------AGTGACTTTGGCATGCACTGGGTCCGCCAGGCTCCAGGCAAGGGGCTGGAGTGGGTGGCACTTATATGGAATGAT------GGGAGTAATAAATTCTATGCAGACTCCGTGAAG---GGCCGGTTCACCATCTCCAGAGACAATTCCAAGAACACGGTGTATCTGCAAATGAATAGCCTGAGAGCCGAGGACACGGCTGTATATTACTGTGCGAGAGGCCGACCTCCCCTTACACGATACTTTGACTATTGGGGCCAGGGAGCCNTGGTCACCGTCTCCTCAG	1	CAR-GRPP----------------LT-RYFDYW	18.8406625541052	0.15360040483482	2273
1316	340416	IHCV2020-020	IGHV3-30|3-33	IGHJ4	T	NaN	NaN	TGTGCGAGAGGCCGACCTCCCCTTATACGATACTTTGACTATTGG	45	CARGRPPLIRYFDYW	76	31	31	CAGGTGCAGCTGGTGGAGTCTGGGGGA---GGCGTGGTCCAGCCTGGGAGGTCCCTGAGACTCTCCTGTGCAGCCTCTGGATTCACCTTC------------AGTAGCTATGGCATGCACTGGGTCCGCCAGGCTCCAGGCAAGGGGCTGGAGTGGGTGGCAGTTATATCATATGAT------GGAAGTAATAAATACTATGCAGACTCCGTGAAG---GGCCGATTCACCATCTCCAGAGACAATTCCAAGAACACGCTGTATCTGCAAATGAACAGCCTGAGAGCTGAGGACACGGCTGTGTATTAC---------------------------------------------GGCCAGGGAACCCTGGTCACCGTCTCCTCAG	NaN	0.9363	NNNNNNNNNNNNNNNNNNNNNNNNNNN---NNNNNNNNNNNNNNNNNNNNNNNNNNNNNNNNNNNNNNNNNNNNNNNNNNATTCACCTTC------------AGTGCCTTTGGCATGCACTGGGTCCGCCAGGCTCCAGGCAAGGGGCTGGACTGGGTGGCAATTATATCATATGAT------GGAAGTAATAAATACTATGCAGACTCCGTGAAG---GGCCGATTCACCATCTCCAGAGACGATTCCAAGAACACTCTGTATCTGCAAATGAACAGCCTGAGAGTCGAGGATACGGCTGTGTATTACTGTGCGAGAGGCCGACCTCCCCTTATACGATACTTTGACTACTGGGGCCAGGGATCCCTGGTCACCGTCTCCTCAG	4	CAR-GRPP----------------LI-RYFDYW	17.9105651196178	0.328833188048879	81
272	340416	IHCV2020-020	IGHV3-30|3-33	IGHJ4	T	NaN	NaN	TGTGCGAGAGGCCGACCTCCCCTTATACGATACTTTGACTATTGG	45	CARGRPPLIRYFDYW	76	10	10	CAGGTGCAGCTGGTGGAGTCTGGGGGA---GGCGTGGTCCAGCCTGGGAGGTCCCTGAGACTCTCCTGTGCAGCCTCTGGATTCACCTTC------------AGTAGCTATGGCATGCACTGGGTCCGCCAGGCTCCAGGCAAGGGGCTGGAGTGGGTGGCAGTTATATCATATGAT------GGAAGTAATAAATACTATGCAGACTCCGTGAAG---GGCCGATTCACCATCTCCAGAGACAATTCCAAGAACACGCTGTATCTGCAAATGAACAGCCTGAGAGCTGAGGACACGGCTGTGTATTAC---------------------------------------------GGCCAGGGAACCCTGGTCACCGTCTCCTCAG	NaN	0.947	NNNNNNNNNNNNNNNNNNNNNNNNNNN---NNNNNNNNNNNNNNNNNNNNNNNNNNNNNNNNNNNNNNNNNNNNNNNNNNTTTCACCTTC------------AGCGANTTTGGCATGCACTGGGTCCGCCAGGCTCCAGGCAAGGGGCTGGAGTGGGTGGCAGTTATATCATATGAT------GGAAGCAATAAATACTACGCAGACTCCGTGAAG---GGCCGATTCACCATCTCCAGAGACAATTCCAAGAACACGCTGTATCTGCAAATGAACAGCCTGAGCGCCGAAGACACGGCTGTNTATTACTGTGCGAGAGGCCGACCTCCCCTTATACGATACTTTGACTACTGGGGCCAGGGAACCCTGGTCACCGTCTCCTCAG	2	CAR-GRPP----------------LI-RYFDYW	18.1052626967148	0.597098562959208	26
140	340416	IHCV2020-020	IGHV3-30|3-33	IGHJ4	T	NaN	NaN	TGTGCGAGAGGCCGACCTCCCCTTATACGATACTTTGACTATTGG	45	CARGRPPLIRYFDYW	76	35	39	CAGGTGCAGCTGGTGGAGTCTGGGGGA---GGCGTGGTCCAGCCTGGGAGGTCCCTGAGACTCTCCTGTGCAGCCTCTGGATTCACCTTC------------AGTAGCTATGGCATGCACTGGGTCCGCCAGGCTCCAGGCAAGGGGCTGGAGTGGGTGGCAGTTATATCATATGAT------GGAAGTAATAAATACTATGCAGACTCCGTGAAG---GGCCGATTCACCATCTCCAGAGACAATTCCAAGAACACGCTGTATCTGCAAATGAACAGCCTGAGAGCTGAGGACACGGCTGTGTATTAC---------------------------------------------GGCCAGGGAACCCTGGTCACCGTCTCCTCAG	NaN	0.9464	NNNNNNNNNNNNNNNNNNNNNNNNNNN---NNNNNNNNNNNNNNNNNNNNNNNNNNNNNNNNNNNNNNNNNNNNNNNNNNATTCTCCATC------------AGTCTCTATGGCCTGCACTGGGTCCGCCAGGCTCCAGGCAAGGGGCTGGAGTGGGTGGCAGTTATATCATATGAT------GGAAATAATAAAAAGTATGCAGACTCCGTGAAG---GGCCGGTTCACCATCTCCAGAGACAATTCCAAGAACACGGTGTATCTGCAAATGAATAGCCTGAGAGCCGAGGACACGGCTGTATATTACTGTGCGAGAGGCCGACCTCCCCTTACACGATACTTTGACTATTGGGGCCAGGGAGCCCTGGTCACCGTCNCCTCAG	1	CAR-GRPP----------------LI-RYFDYW	17.9604185604677	-0.27346595009768	102
1315	340387	IHCV2020-020	IGHV3-30|3-33	IGHJ4	T	NaN	NaN	TGTGCGAGAGGCCGACCTCCCCTTGTACGATACTTTGACTACTGG	45	CARGRPPLVRYFDYW	42	5	5	CAGGTGCAGCTGGTGGAGTCTGGGGGA---GGCGTGGTCCAGCCTGGGAGGTCCCTGAGACTCTCCTGTGCAGCCTCTGGATTCACCTTC------------AGTAGCTATGGCATGCACTGGGTCCGCCAGGCTCCAGGCAAGGGGCTGGAGTGGGTGGCAGTTATATCATATGAT------GGAAGTAATAAATACTATGCAGACTCCGTGAAG---GGCCGATTCACCATCTCCAGAGACAATTCCAAGAACACGCTGTATCTGCAAATGAACAGCCTGAGAGCTGAGGACACGGCTGTGTATTAC---------------------------------------------GGCCAGGGAACCCTGGTCACCGTCTCCTCAG	NaN	0.9414	NNNNNNNNNNNNNNNNNNNNNNNNNNN---NNNNNNNNNNNNNNNNNNNNNNNNNNNNNNNNNNNNNNNNNNNNNNNNNNATTCACCTTC------------AGTACCTATGGCATGCACTGGGTCCGCCAGGCTCCAGGCAAGGGGCTGGAGTGGCTGGCATTTGTATCATATGAT------GGAAGTAATAACTACTTTGCAGACTCCGTGAAG---GGCCGATTCACCATCTCCAGAGACAATTCCAAGAACACACTGTATCTGCAAATGAACAGCCTGAGAGTCGAGGATACGGCTGTGTATTACTGTGCGAGAGGCCGACCTCCCCTTANACGATACNTTGANNACTGGGGCCAGGGATNCCTGGTCACCGTCTCCTCAG	4	CAR-GRPP----------------LV-RYFDYW	17.353896037751	0.0620533484329895	13
271	340387	IHCV2020-020	IGHV3-30|3-33	IGHJ4	T	NaN	NaN	TGTGCGAGAGGCCGACCTCCCCTTGTACGATACTTTGACTACTGG	45	CARGRPPLVRYFDYW	42	16	16	CAGGTGCAGCTGGTGGAGTCTGGGGGA---GGCGTGGTCCAGCCTGGGAGGTCCCTGAGACTCTCCTGTGCAGCCTCTGGATTCACCTTC------------AGTAGCTATGGCATGCACTGGGTCCGCCAGGCTCCAGGCAAGGGGCTGGAGTGGGTGGCAGTTATATCATATGAT------GGAAGTAATAAATACTATGCAGACTCCGTGAAG---GGCCGATTCACCATCTCCAGAGACAATTCCAAGAACACGCTGTATCTGCAAATGAACAGCCTGAGAGCTGAGGACACGGCTGTGTATTAC---------------------------------------------GGCCAGGGAACCCTGGTCACCGTCTCCTCAG	NaN	0.9297	NNNNNNNNNNNNNNNNNNNNNNNNNNN---NNNNNNNNNNNNNNNNNNNNNNNNNNNNNNNNNNNNNNNNNNNNNNNNNNATTCGCCTTC------------AGTAACTATGGCATGCACTGGGTCCGCCAGGCTCCAGGNAAGGGGCTGGAGTGGGTGGCAGTTATATCATTTGAT------GGAAGAAATAAATTCTATGCAGACTCCGTGAAG---GNCCGTTTCACCATCTCCAGAGACAATTCCAGGAACACCCTCTATCTGNAAATGAATAGCCTGAGAGCCGAGGACTCGGCTGTCTATTNCTGTGCGAGAGGCCGACCTCCCCTTGTACGATACTTTNACTACTGGGGCCAGGGAANCCTGGTCACCGTCTCCTCAG	2	CAR-GRPP----------------LV-RYFDYW	17.0824028645434	0.208414015887464	42
139	340387	IHCV2020-020	IGHV3-30|3-33	IGHJ4	T	NaN	NaN	TGTGCGAGAGGCCGACCTCCCCTTGTACGATACTTTGACTACTGG	45	CARGRPPLVRYFDYW	42	22	24	CAGGTGCAGCTGGTGGAGTCTGGGGGA---GGCGTGGTCCAGCCTGGGAGGTCCCTGAGACTCTCCTGTGCAGCCTCTGGATTCACCTTC------------AGTAGCTATGGCATGCACTGGGTCCGCCAGGCTCCAGGCAAGGGGCTGGAGTGGGTGGCAGTTATATCATATGAT------GGAAGTAATAAATACTATGCAGACTCCGTGAAG---GGCCGATTCACCATCTCCAGAGACAATTCCAAGAACACGCTGTATCTGCAAATGAACAGCCTGAGAGCTGAGGACACGGCTGTGTATTAC---------------------------------------------GGCCAGGGAACCCTGGTCACCGTCTCCTCAG	NaN	0.9484	NNNNNNNNNNNNNNNNNNNNNNNNNNN---NNNNNNNNNNNNNNNNNNNNNNNNNNNNNNNNNNNNNNNNNNNNNNNNNNATTCATCTTC------------AGTAGTTTTGGCATGCACTGGGTCCGCCAGGCTCCAGGCAAGGGGCTGGAGTGGGTGGCAGTTATATCATATGAT------GGAAGTAGCCAATACTATGTAGACTCCGTGAAG---GGCCGATTCACCATCTCCAGAGACAATTCCAAGAACACGCTGTATCTGCAGATGAACAGCCTGAGTGCCGAGGACACGGCTGTATATTTCTGTGCGAGAGGCCGACCTCCCCTTGTACGATACTTTGACTACTGGGGCCAGGNAANCCTGGTCACCGTCTCCTCAG	1	CAR-GRPP----------------LV-RYFDYW	17.510217611385	1.49692708434673	63
1458	351770	IHCV2020-020	IGHV3-33	IGHJ4	T	NaN	NaN	TGTGCGAGAGGCCGACCTCCCCTTATACGATACTTTGACTCCTGG	45	CARGRPPLIRYFDSW	37	33	55	CAGGTGCAGCTGGTGGAGTCTGGGGGA---GGCGTGGTCCAGCCTGGGAGGTCCCTGAGACTCTCCTGTGCAGCGTCTGGATTCACCTTC------------AGTAGCTATGGCATGCACTGGGTCCGCCAGGCTCCAGGCAAGGGGCTGGAGTGGGTGGCAGTTATATGGTATGAT------GGAAGTAATAAATACTATGCAGACTCCGTGAAG---GGCCGATTCACCATCTCCAGAGACAATTCCAAGAACACGCTGTATCTGCAAATGAACAGCCTGAGAGCCGAGGACACGGCTGTGTATTAC---------------------------------------------GGCCAGGGAACCCTGGTCACCGTCTCCTCAG	NaN	0.9405	NNNNNNNNNNNNNNNNNNNNNNNNNNN---NNNNNNNNNNNNNNNNNNNNNNNNNNNNNNNNNNNNNNNNNNNNNNNNNNATTCACCTTC------------AGTGACTTTGGCATGCACTGGGTCCGCCAGGCTCCAGGCAAGGGGCTGGAGTGGGTGACACTTATTTGGAATGAT------GGAAGTAATAAATTCTATGCAGACTCCGTTAAG---GGCCGATTCACCATCTCTAGAGACAATTCCAAGAACACGTTGTATCTGCAAATGAACAGCCTGAGAGCCGACGACACGGCTGTGTATTACTGTGCCAGAGGCCGACCTCCCCTTATAAGATACTTTGACTCCTGGGGCCAGGGAACCCTGGTCACCGTCTCCTCAG	4	CAR-GRPP----------------LI-RYFDSW	19.092796630512	0.749778354335031	144
1466	352285	IHCV2020-020	IGHV3-33	IGHJ4	T	NaN	NaN	TGTGCGAGAGGCCGGCCTCCCCTTATACGATTCTTTGACTCCTGG	45	CARGRPPLIRFFDSW	58	54	54	CAGGTGCAGCTGGTGGAGTCTGGGGGA---GGCGTGGTCCAGCCTGGGAGGTCCCTGAGACTCTCCTGTGCAGCGTCTGGATTCACCTTC------------AGTAGCTATGGCATGCACTGGGTCCGCCAGGCTCCAGGCAAGGGGCTGGAGTGGGTGGCAGTTATATGGTATGAT------GGAAGTAATAAATACTATGCAGACTCCGTGAAG---GGCCGATTCACCATCTCCAGAGACAATTCCAAGAACACGCTGTATCTGCAAATGAACAGCCTGAGAGCCGAGGACACGGCTGTGTATTAC---------------------------------------------GGCCAGGGAACCCTGGTCACCGTCTCCTCAG	NaN	0.9388	NNNNNNNNNNNNNNNNNNNNNNNNNNN---NNNNNNNNNNNNNNNNNNNNNNNNNNNNNNNNNNNNNNNNNNNNNNNNNNATTCACCTTC------------AGCAGCTATGCCATGCACTGGGTCCGCCAGGCTCCAGGCAAGGGACTGGAGTGGGTGGCAGTCATATGGGATGAC------GGAAGTGTTAAATTCTATGCAGATTCCGTGAAG---GGCCGATTCACCATCTCCAGAGACTCTTCCAACAACACGCTGTATCTGCAAATGGACAGCCTGACAGCCGAGGACACGGCTGTATATTACTGTGCGAGAGGCCGACCCCCCCTTATACGATTCTTTGACTGCTGGGGCCAGGGAACCCTGGTCACCGTCTCCTCAG	4	CAR-GRPP----------------LI-RFFDSW	19.075592300043	1.5734198603331	141
